{
  "rmse": 75.90131738721072,
  "mae": 60.72116173120728,
  "r2": 0.8937087644105401,
  "mape": 1.1565049493008195
}