{
  "rmse": 75.5134668547131,
  "mae": 59.76823420448909,
  "r2": 0.8514915512737447,
  "mape": 1.159371595166154
}