{
  "final_loss": 0.0006244212854653597,
  "final_val_loss": 0.00047520396765321493,
  "final_mae": 0.018026137724518776,
  "final_val_mae": 0.017298122867941856
}