{
  "final_loss": 0.0006431033252738416,
  "final_val_loss": 0.00042282146750949323,
  "final_mae": 0.017446111887693405,
  "final_val_mae": 0.016610799357295036
}