{
  "rmse": 60.4892644456604,
  "mae": 46.791993033737626,
  "r2": 0.9047074497485403,
  "mape": 0.9066876357660032
}